{
  "height": 338.60780984719867,
  "tabOrder": 3001,
  "width": 465.73853989813244,
  "x": 0,
  "y": 349.60950764006793,
  "z": 3001
}