{
  "height": 338.60780984719867,
  "tabOrder": 3001,
  "width": 435.17826825127338,
  "x": 435.17826825127338,
  "y": 360.6112054329372,
  "z": 3001
}